{
    "accuracy": 0.6472289156626506,
    "precision": 0.7557755775577558,
    "recall": 0.43953934740882916,
    "auc": 0.7084842240608854
}